project,date,energy_produced_mwh,energy_expected_mwh,availability_pct
desert_bloom,2024-05-01,315.84,480.52,98.58
desert_bloom,2024-05-02,312.93,480.52,99.45
desert_bloom,2024-05-03,452.09,480.52,99.09
desert_bloom,2024-05-04,485.38,480.52,100.0
desert_bloom,2024-05-05,511.88,480.52,96.48
desert_bloom,2024-05-06,582.32,480.52,96.11
desert_bloom,2024-05-07,402.22,480.52,99.17
desert_bloom,2024-05-08,608.28,480.52,98.77
desert_bloom,2024-05-09,594.44,480.52,98.86
desert_bloom,2024-05-10,595.95,480.52,100.0
desert_bloom,2024-05-11,533.68,480.52,95.83
desert_bloom,2024-05-12,376.66,480.52,96.03
desert_bloom,2024-05-13,355.18,480.52,97.22
desert_bloom,2024-05-14,498.56,480.52,97.77
desert_bloom,2024-05-15,369.03,480.52,100.0
desert_bloom,2024-05-16,540.33,480.52,96.58
desert_bloom,2024-05-17,491.38,480.52,97.83
desert_bloom,2024-05-18,647.76,480.52,98.89
desert_bloom,2024-05-19,588.64,480.52,100.0
desert_bloom,2024-05-20,345.91,480.52,97.44
desert_bloom,2024-05-21,377.7,480.52,100.0
desert_bloom,2024-05-22,556.28,480.52,99.48
desert_bloom,2024-05-23,506.44,480.52,98.3
desert_bloom,2024-05-24,381.36,480.52,98.92
desert_bloom,2024-05-25,422.57,480.52,100.0
desert_bloom,2024-05-26,413.49,480.52,100.0
desert_bloom,2024-05-27,423.95,480.52,95.83
desert_bloom,2024-05-28,382.04,480.52,100.0
desert_bloom,2024-05-29,398.09,480.52,97.84
desert_bloom,2024-05-30,629.0,480.52,100.0
desert_bloom,2024-05-31,498.87,480.52,99.87
desert_bloom,2024-06-01,457.01,532.0,96.7
desert_bloom,2024-06-02,738.22,532.0,97.42
desert_bloom,2024-06-03,595.79,532.0,96.55
desert_bloom,2024-06-04,623.69,532.0,100.0
desert_bloom,2024-06-05,460.99,532.0,97.58
desert_bloom,2024-06-06,427.78,532.0,100.0
desert_bloom,2024-06-07,601.63,532.0,95.98
desert_bloom,2024-06-08,740.91,532.0,96.15
desert_bloom,2024-06-09,459.81,532.0,100.0
desert_bloom,2024-06-10,548.63,532.0,98.48
desert_bloom,2024-06-11,509.79,532.0,100.0
desert_bloom,2024-06-12,464.05,532.0,98.87
desert_bloom,2024-06-13,551.67,532.0,97.5
desert_bloom,2024-06-14,721.8,532.0,98.26
desert_bloom,2024-06-15,476.96,532.0,96.98
desert_bloom,2024-06-16,493.53,532.0,97.01
desert_bloom,2024-06-17,386.1,532.0,99.42
desert_bloom,2024-06-18,500.16,532.0,100.0
desert_bloom,2024-06-19,364.33,532.0,99.65
desert_bloom,2024-06-20,392.56,532.0,100.0
desert_bloom,2024-06-21,550.68,532.0,100.0
desert_bloom,2024-06-22,572.2,532.0,96.21
desert_bloom,2024-06-23,498.8,532.0,98.43
desert_bloom,2024-06-24,637.23,532.0,100.0
desert_bloom,2024-06-25,392.41,532.0,97.67
desert_bloom,2024-06-26,599.23,532.0,96.77
desert_bloom,2024-06-27,504.02,532.0,97.3
desert_bloom,2024-06-28,510.06,532.0,98.29
desert_bloom,2024-06-29,657.77,532.0,95.94
desert_bloom,2024-06-30,761.83,532.0,100.0
desert_bloom,2024-07-01,503.87,539.35,98.26
desert_bloom,2024-07-02,586.19,539.35,100.0
desert_bloom,2024-07-03,595.11,539.35,96.46
desert_bloom,2024-07-04,541.24,539.35,99.0
desert_bloom,2024-07-05,595.34,539.35,95.87
desert_bloom,2024-07-06,568.21,539.35,100.0
desert_bloom,2024-07-07,488.7,539.35,96.01
desert_bloom,2024-07-08,451.06,539.35,99.58
desert_bloom,2024-07-09,402.73,539.35,100.0
desert_bloom,2024-07-10,471.13,539.35,99.25
desert_bloom,2024-07-11,527.15,539.35,98.67
desert_bloom,2024-07-12,620.94,539.35,99.83
desert_bloom,2024-07-13,441.45,539.35,99.56
desert_bloom,2024-07-14,449.35,539.35,100.0
desert_bloom,2024-07-15,396.8,539.35,100.0
desert_bloom,2024-07-16,611.52,539.35,96.81
desert_bloom,2024-07-17,524.65,539.35,100.0
desert_bloom,2024-07-18,637.45,539.35,96.48
desert_bloom,2024-07-19,688.26,539.35,99.2
desert_bloom,2024-07-20,730.69,539.35,95.58
desert_bloom,2024-07-21,604.54,539.35,99.51
desert_bloom,2024-07-22,607.85,539.35,96.22
desert_bloom,2024-07-23,419.61,539.35,97.16
desert_bloom,2024-07-24,611.93,539.35,96.75
desert_bloom,2024-07-25,542.61,539.35,98.46
desert_bloom,2024-07-26,741.63,539.35,96.08
desert_bloom,2024-07-27,481.11,539.35,95.55
desert_bloom,2024-07-28,654.19,539.35,97.1
desert_bloom,2024-07-29,628.25,539.35,98.1
desert_bloom,2024-07-30,332.83,539.35,100.0
desert_bloom,2024-07-31,680.59,539.35,100.0
desert_bloom,2024-08-01,365.73,529.55,92.35
desert_bloom,2024-08-02,584.38,529.55,91.39
desert_bloom,2024-08-03,437.32,529.55,92.85
desert_bloom,2024-08-04,686.84,529.55,92.95
desert_bloom,2024-08-05,374.11,529.55,89.66
desert_bloom,2024-08-06,670.71,529.55,92.85
desert_bloom,2024-08-07,539.2,529.55,92.39
desert_bloom,2024-08-08,415.47,529.55,92.82
desert_bloom,2024-08-09,445.95,529.55,90.43
desert_bloom,2024-08-10,469.77,529.55,89.03
desert_bloom,2024-08-11,316.86,529.55,89.64
desert_bloom,2024-08-12,678.88,529.55,89.34
desert_bloom,2024-08-13,514.17,529.55,93.55
desert_bloom,2024-08-14,565.05,529.55,88.36
desert_bloom,2024-08-15,566.14,529.55,93.44
desert_bloom,2024-08-16,370.56,529.55,90.27
desert_bloom,2024-08-17,524.59,529.55,91.3
desert_bloom,2024-08-18,475.05,529.55,91.13
desert_bloom,2024-08-19,442.84,529.55,87.68
desert_bloom,2024-08-20,620.5,529.55,91.98
desert_bloom,2024-08-21,588.23,529.55,89.85
desert_bloom,2024-08-22,380.43,529.55,89.65
desert_bloom,2024-08-23,479.41,529.55,91.98
desert_bloom,2024-08-24,405.49,529.55,90.12
desert_bloom,2024-08-25,431.83,529.55,88.43
desert_bloom,2024-08-26,526.8,529.55,91.73
desert_bloom,2024-08-27,627.77,529.55,89.47
desert_bloom,2024-08-28,427.36,529.55,89.39
desert_bloom,2024-08-29,479.32,529.55,91.59
desert_bloom,2024-08-30,470.08,529.55,88.95
desert_bloom,2024-08-31,538.65,529.55,92.44
desert_bloom,2024-09-01,289.81,481.33,83.47
desert_bloom,2024-09-02,448.99,481.33,82.44
desert_bloom,2024-09-03,406.57,481.33,83.17
desert_bloom,2024-09-04,460.33,481.33,83.46
desert_bloom,2024-09-05,384.22,481.33,86.51
desert_bloom,2024-09-06,422.77,481.33,84.55
desert_bloom,2024-09-07,377.94,481.33,85.11
desert_bloom,2024-09-08,278.52,481.33,87.09
desert_bloom,2024-09-09,438.06,481.33,86.01
desert_bloom,2024-09-10,548.54,481.33,87.7
desert_bloom,2024-09-11,526.6,481.33,86.32
desert_bloom,2024-09-12,454.72,481.33,85.29
desert_bloom,2024-09-13,548.16,481.33,84.85
desert_bloom,2024-09-14,326.15,481.33,85.83
desert_bloom,2024-09-15,481.36,481.33,85.76
desert_bloom,2024-09-16,311.5,481.33,83.71
desert_bloom,2024-09-17,336.75,481.33,85.24
desert_bloom,2024-09-18,296.96,481.33,86.16
desert_bloom,2024-09-19,402.99,481.33,84.45
desert_bloom,2024-09-20,412.37,481.33,83.24
desert_bloom,2024-09-21,440.44,481.33,85.5
desert_bloom,2024-09-22,510.23,481.33,86.59
desert_bloom,2024-09-23,326.15,481.33,84.11
desert_bloom,2024-09-24,525.64,481.33,87.72
desert_bloom,2024-09-25,421.61,481.33,85.28
desert_bloom,2024-09-26,401.34,481.33,83.32
desert_bloom,2024-09-27,340.59,481.33,84.02
desert_bloom,2024-09-28,443.73,481.33,82.99
desert_bloom,2024-09-29,359.26,481.33,85.73
desert_bloom,2024-09-30,286.04,481.33,85.39
desert_bloom,2024-10-01,366.82,402.06,91.87
desert_bloom,2024-10-02,273.79,402.06,86.99
desert_bloom,2024-10-03,432.86,402.06,88.97
desert_bloom,2024-10-04,434.65,402.06,90.78
desert_bloom,2024-10-05,480.96,402.06,88.07
desert_bloom,2024-10-06,234.58,402.06,87.63
desert_bloom,2024-10-07,412.87,402.06,88.18
desert_bloom,2024-10-08,444.68,402.06,87.88
desert_bloom,2024-10-09,420.48,402.06,87.56
desert_bloom,2024-10-10,499.24,402.06,87.52
desert_bloom,2024-10-11,248.22,402.06,90.94
desert_bloom,2024-10-12,454.26,402.06,91.16
desert_bloom,2024-10-13,289.84,402.06,90.64
desert_bloom,2024-10-14,302.76,402.06,91.98
desert_bloom,2024-10-15,345.54,402.06,92.78
desert_bloom,2024-10-16,410.35,402.06,89.44
desert_bloom,2024-10-17,339.76,402.06,88.92
desert_bloom,2024-10-18,487.85,402.06,87.51
desert_bloom,2024-10-19,488.46,402.06,91.85
desert_bloom,2024-10-20,405.44,402.06,91.28
desert_bloom,2024-10-21,437.96,402.06,91.72
desert_bloom,2024-10-22,374.27,402.06,89.49
desert_bloom,2024-10-23,389.59,402.06,91.98
desert_bloom,2024-10-24,386.03,402.06,92.16
desert_bloom,2024-10-25,307.9,402.06,90.54
desert_bloom,2024-10-26,292.79,402.06,91.98
desert_bloom,2024-10-27,271.82,402.06,91.66
desert_bloom,2024-10-28,370.42,402.06,91.08
desert_bloom,2024-10-29,271.56,402.06,92.56
desert_bloom,2024-10-30,294.52,402.06,89.81
desert_bloom,2024-10-31,448.95,402.06,90.75
desert_bloom,2024-11-01,355.54,344.53,97.76
desert_bloom,2024-11-02,362.07,344.53,97.28
desert_bloom,2024-11-03,243.02,344.53,96.49
desert_bloom,2024-11-04,381.91,344.53,96.89
desert_bloom,2024-11-05,286.26,344.53,100.0
desert_bloom,2024-11-06,449.01,344.53,97.47
desert_bloom,2024-11-07,239.34,344.53,97.14
desert_bloom,2024-11-08,239.13,344.53,98.98
desert_bloom,2024-11-09,342.31,344.53,99.1
desert_bloom,2024-11-10,344.19,344.53,100.0
desert_bloom,2024-11-11,383.25,344.53,99.22
desert_bloom,2024-11-12,334.16,344.53,96.88
desert_bloom,2024-11-13,286.82,344.53,98.64
desert_bloom,2024-11-14,401.27,344.53,96.22
desert_bloom,2024-11-15,323.5,344.53,96.67
desert_bloom,2024-11-16,338.5,344.53,100.0
desert_bloom,2024-11-17,288.46,344.53,99.41
desert_bloom,2024-11-18,373.56,344.53,98.91
desert_bloom,2024-11-19,330.53,344.53,100.0
desert_bloom,2024-11-20,422.32,344.53,99.5
desert_bloom,2024-11-21,396.01,344.53,100.0
desert_bloom,2024-11-22,261.05,344.53,99.74
desert_bloom,2024-11-23,248.34,344.53,96.23
desert_bloom,2024-11-24,239.57,344.53,99.34
desert_bloom,2024-11-25,278.77,344.53,100.0
desert_bloom,2024-11-26,383.45,344.53,99.9
desert_bloom,2024-11-27,472.3,344.53,99.53
desert_bloom,2024-11-28,429.57,344.53,98.33
desert_bloom,2024-11-29,371.63,344.53,100.0
desert_bloom,2024-11-30,361.23,344.53,96.77
desert_bloom,2024-12-01,258.0,294.19,97.07
desert_bloom,2024-12-02,269.02,294.19,98.33
desert_bloom,2024-12-03,254.6,294.19,100.0
desert_bloom,2024-12-04,351.49,294.19,100.0
desert_bloom,2024-12-05,304.27,294.19,97.07
desert_bloom,2024-12-06,338.78,294.19,100.0
desert_bloom,2024-12-07,334.84,294.19,100.0
desert_bloom,2024-12-08,319.42,294.19,97.38
desert_bloom,2024-12-09,255.76,294.19,100.0
desert_bloom,2024-12-10,341.47,294.19,100.0
desert_bloom,2024-12-11,293.15,294.19,100.0
desert_bloom,2024-12-12,301.02,294.19,98.72
desert_bloom,2024-12-13,302.2,294.19,99.26
desert_bloom,2024-12-14,342.61,294.19,100.0
desert_bloom,2024-12-15,295.92,294.19,97.96
desert_bloom,2024-12-16,292.59,294.19,100.0
desert_bloom,2024-12-17,312.01,294.19,100.0
desert_bloom,2024-12-18,365.36,294.19,100.0
desert_bloom,2024-12-19,261.46,294.19,100.0
desert_bloom,2024-12-20,224.3,294.19,100.0
desert_bloom,2024-12-21,268.25,294.19,100.0
desert_bloom,2024-12-22,365.38,294.19,97.54
desert_bloom,2024-12-23,355.12,294.19,100.0
desert_bloom,2024-12-24,277.59,294.19,100.0
desert_bloom,2024-12-25,352.28,294.19,100.0
desert_bloom,2024-12-26,310.44,294.19,99.88
desert_bloom,2024-12-27,403.4,294.19,98.49
desert_bloom,2024-12-28,338.93,294.19,100.0
desert_bloom,2024-12-29,326.25,294.19,98.53
desert_bloom,2024-12-30,267.24,294.19,100.0
desert_bloom,2024-12-31,263.37,294.19,100.0
desert_bloom,2025-01-01,323.12,318.71,100.0
desert_bloom,2025-01-02,394.53,318.71,99.2
desert_bloom,2025-01-03,386.76,318.71,100.0
desert_bloom,2025-01-04,275.86,318.71,99.89
desert_bloom,2025-01-05,376.2,318.71,100.0
desert_bloom,2025-01-06,312.16,318.71,99.62
desert_bloom,2025-01-07,354.3,318.71,100.0
desert_bloom,2025-01-08,252.3,318.71,100.0
desert_bloom,2025-01-09,306.91,318.71,100.0
desert_bloom,2025-01-10,430.19,318.71,100.0
desert_bloom,2025-01-11,281.73,318.71,100.0
desert_bloom,2025-01-12,412.74,318.71,97.09
desert_bloom,2025-01-13,247.44,318.71,100.0
desert_bloom,2025-01-14,448.02,318.71,99.48
desert_bloom,2025-01-15,253.64,318.71,100.0
desert_bloom,2025-01-16,328.47,318.71,100.0
desert_bloom,2025-01-17,254.51,318.71,98.64
desert_bloom,2025-01-18,265.54,318.71,100.0
desert_bloom,2025-01-19,363.27,318.71,97.9
desert_bloom,2025-01-20,266.82,318.71,100.0
desert_bloom,2025-01-21,304.9,318.71,97.74
desert_bloom,2025-01-22,290.61,318.71,98.41
desert_bloom,2025-01-23,247.41,318.71,100.0
desert_bloom,2025-01-24,319.02,318.71,99.53
desert_bloom,2025-01-25,299.15,318.71,100.0
desert_bloom,2025-01-26,283.68,318.71,100.0
desert_bloom,2025-01-27,254.17,318.71,99.78
desert_bloom,2025-01-28,276.44,318.71,100.0
desert_bloom,2025-01-29,390.66,318.71,100.0
desert_bloom,2025-01-30,327.96,318.71,100.0
desert_bloom,2025-01-31,383.28,318.71,97.17
desert_bloom,2025-02-01,465.36,390.86,100.0
desert_bloom,2025-02-02,492.69,390.86,100.0
desert_bloom,2025-02-03,404.41,390.86,99.54
desert_bloom,2025-02-04,442.01,390.86,97.44
desert_bloom,2025-02-05,371.57,390.86,97.95
desert_bloom,2025-02-06,310.97,390.86,100.0
desert_bloom,2025-02-07,451.5,390.86,100.0
desert_bloom,2025-02-08,369.68,390.86,99.79
desert_bloom,2025-02-09,501.43,390.86,98.93
desert_bloom,2025-02-10,345.44,390.86,97.74
desert_bloom,2025-02-11,559.3,390.86,100.0
desert_bloom,2025-02-12,579.14,390.86,100.0
desert_bloom,2025-02-13,394.24,390.86,96.98
desert_bloom,2025-02-14,397.56,390.86,100.0
desert_bloom,2025-02-15,446.19,390.86,100.0
desert_bloom,2025-02-16,439.98,390.86,98.3
desert_bloom,2025-02-17,314.49,390.86,100.0
desert_bloom,2025-02-18,451.46,390.86,97.28
desert_bloom,2025-02-19,528.85,390.86,98.71
desert_bloom,2025-02-20,332.4,390.86,100.0
desert_bloom,2025-02-21,347.31,390.86,97.48
desert_bloom,2025-02-22,432.89,390.86,99.62
desert_bloom,2025-02-23,466.43,390.86,100.0
desert_bloom,2025-02-24,402.51,390.86,97.83
desert_bloom,2025-02-25,329.22,390.86,99.84
desert_bloom,2025-02-26,423.11,390.86,97.1
desert_bloom,2025-02-27,357.56,390.86,100.0
desert_bloom,2025-02-28,420.97,390.86,100.0
desert_bloom,2025-03-01,470.04,416.77,96.83
desert_bloom,2025-03-02,455.42,416.77,97.46
desert_bloom,2025-03-03,380.66,416.77,100.0
desert_bloom,2025-03-04,317.41,416.77,100.0
desert_bloom,2025-03-05,337.71,416.77,100.0
desert_bloom,2025-03-06,327.13,416.77,97.57
desert_bloom,2025-03-07,302.99,416.77,97.75
desert_bloom,2025-03-08,395.95,416.77,96.79
desert_bloom,2025-03-09,455.33,416.77,98.65
desert_bloom,2025-03-10,293.19,416.77,100.0
desert_bloom,2025-03-11,459.04,416.77,99.56
desert_bloom,2025-03-12,493.11,416.77,97.36
desert_bloom,2025-03-13,478.29,416.77,96.96
desert_bloom,2025-03-14,546.69,416.77,99.83
desert_bloom,2025-03-15,467.47,416.77,97.07
desert_bloom,2025-03-16,403.37,416.77,100.0
desert_bloom,2025-03-17,469.92,416.77,97.15
desert_bloom,2025-03-18,325.3,416.77,97.1
desert_bloom,2025-03-19,378.66,416.77,99.99
desert_bloom,2025-03-20,432.7,416.77,99.89
desert_bloom,2025-03-21,422.2,416.77,97.3
desert_bloom,2025-03-22,521.85,416.77,100.0
desert_bloom,2025-03-23,521.26,416.77,97.99
desert_bloom,2025-03-24,375.42,416.77,98.74
desert_bloom,2025-03-25,398.88,416.77,97.28
desert_bloom,2025-03-26,422.38,416.77,98.95
desert_bloom,2025-03-27,375.49,416.77,97.11
desert_bloom,2025-03-28,443.14,416.77,97.28
desert_bloom,2025-03-29,526.27,416.77,100.0
desert_bloom,2025-03-30,450.96,416.77,98.68
desert_bloom,2025-03-31,311.23,416.77,100.0
desert_bloom,2025-04-01,347.06,466.13,100.0
desert_bloom,2025-04-02,467.99,466.13,100.0
desert_bloom,2025-04-03,615.92,466.13,100.0
desert_bloom,2025-04-04,580.42,466.13,100.0
desert_bloom,2025-04-05,380.73,466.13,100.0
desert_bloom,2025-04-06,366.63,466.13,100.0
desert_bloom,2025-04-07,397.2,466.13,96.94
desert_bloom,2025-04-08,587.3,466.13,99.3
desert_bloom,2025-04-09,384.78,466.13,97.08
desert_bloom,2025-04-10,494.63,466.13,99.42
desert_bloom,2025-04-11,409.66,466.13,100.0
desert_bloom,2025-04-12,560.68,466.13,97.41
desert_bloom,2025-04-13,309.32,466.13,100.0
desert_bloom,2025-04-14,484.87,466.13,100.0
desert_bloom,2025-04-15,459.08,466.13,98.54
desert_bloom,2025-04-16,480.4,466.13,99.48
desert_bloom,2025-04-17,431.92,466.13,99.82
desert_bloom,2025-04-18,447.81,466.13,99.27
desert_bloom,2025-04-19,425.6,466.13,98.71
desert_bloom,2025-04-20,347.21,466.13,98.43
desert_bloom,2025-04-21,360.24,466.13,100.0
desert_bloom,2025-04-22,365.92,466.13,100.0
desert_bloom,2025-04-23,518.47,466.13,100.0
desert_bloom,2025-04-24,388.28,466.13,97.15
desert_bloom,2025-04-25,377.53,466.13,100.0
desert_bloom,2025-04-26,503.53,466.13,100.0
desert_bloom,2025-04-27,396.27,466.13,97.03
desert_bloom,2025-04-28,459.83,466.13,100.0
desert_bloom,2025-04-29,636.31,466.13,97.43
desert_bloom,2025-04-30,524.88,466.13,100.0
desert_bloom,2025-05-01,577.39,480.52,100.0
desert_bloom,2025-05-02,634.1,480.52,98.22
desert_bloom,2025-05-03,348.33,480.52,100.0
desert_bloom,2025-05-04,588.43,480.52,97.87
desert_bloom,2025-05-05,564.89,480.52,100.0
desert_bloom,2025-05-06,553.49,480.52,100.0
desert_bloom,2025-05-07,525.6,480.52,100.0
desert_bloom,2025-05-08,615.17,480.52,97.71
desert_bloom,2025-05-09,354.07,480.52,98.62
desert_bloom,2025-05-10,364.54,480.52,99.85
desert_bloom,2025-05-11,424.75,480.52,97.15
desert_bloom,2025-05-12,509.02,480.52,100.0
desert_bloom,2025-05-13,610.3,480.52,99.85
desert_bloom,2025-05-14,483.15,480.52,100.0
desert_bloom,2025-05-15,592.71,480.52,100.0
desert_bloom,2025-05-16,502.18,480.52,99.66
desert_bloom,2025-05-17,333.89,480.52,97.43
desert_bloom,2025-05-18,574.43,480.52,100.0
desert_bloom,2025-05-19,439.71,480.52,98.29
desert_bloom,2025-05-20,459.61,480.52,99.94
desert_bloom,2025-05-21,371.96,480.52,98.5
desert_bloom,2025-05-22,437.37,480.52,100.0
desert_bloom,2025-05-23,595.89,480.52,97.2
desert_bloom,2025-05-24,387.66,480.52,98.51
desert_bloom,2025-05-25,577.47,480.52,100.0
desert_bloom,2025-05-26,565.44,480.52,100.0
desert_bloom,2025-05-27,364.47,480.52,100.0
desert_bloom,2025-05-28,526.55,480.52,100.0
desert_bloom,2025-05-29,579.0,480.52,99.06
desert_bloom,2025-05-30,625.06,480.52,100.0
desert_bloom,2025-05-31,623.97,480.52,100.0
desert_bloom,2025-06-01,401.51,532.0,97.36
desert_bloom,2025-06-02,572.47,532.0,100.0
desert_bloom,2025-06-03,721.78,532.0,97.13
desert_bloom,2025-06-04,524.97,532.0,97.69
desert_bloom,2025-06-05,448.49,532.0,100.0
desert_bloom,2025-06-06,684.67,532.0,97.89
desert_bloom,2025-06-07,504.89,532.0,100.0
desert_bloom,2025-06-08,446.45,532.0,98.61
desert_bloom,2025-06-09,609.79,532.0,100.0
desert_bloom,2025-06-10,521.5,532.0,99.71
desert_bloom,2025-06-11,621.61,532.0,100.0
desert_bloom,2025-06-12,687.56,532.0,98.59
desert_bloom,2025-06-13,504.84,532.0,100.0
desert_bloom,2025-06-14,699.35,532.0,97.73
desert_bloom,2025-06-15,477.48,532.0,100.0
desert_bloom,2025-06-16,490.2,532.0,100.0
desert_bloom,2025-06-17,610.39,532.0,100.0
desert_bloom,2025-06-18,522.04,532.0,97.78
desert_bloom,2025-06-19,588.16,532.0,98.23
desert_bloom,2025-06-20,499.51,532.0,97.06
desert_bloom,2025-06-21,394.7,532.0,98.31
desert_bloom,2025-06-22,672.6,532.0,97.07
desert_bloom,2025-06-23,747.23,532.0,100.0
desert_bloom,2025-06-24,564.3,532.0,98.62
desert_bloom,2025-06-25,683.52,532.0,97.73
desert_bloom,2025-06-26,596.04,532.0,96.93
desert_bloom,2025-06-27,373.36,532.0,100.0
desert_bloom,2025-06-28,592.51,532.0,100.0
desert_bloom,2025-06-29,386.93,532.0,98.71
desert_bloom,2025-06-30,383.24,532.0,100.0
desert_bloom,2025-07-01,442.05,539.35,84.5
desert_bloom,2025-07-02,431.44,539.35,87.85
desert_bloom,2025-07-03,334.73,539.35,85.04
desert_bloom,2025-07-04,589.28,539.35,84.34
desert_bloom,2025-07-05,458.35,539.35,87.89
desert_bloom,2025-07-06,326.71,539.35,86.73
desert_bloom,2025-07-07,435.12,539.35,85.77
desert_bloom,2025-07-08,558.31,539.35,84.0
desert_bloom,2025-07-09,330.35,539.35,86.88
desert_bloom,2025-07-10,391.27,539.35,84.79
desert_bloom,2025-07-11,520.84,539.35,86.87
desert_bloom,2025-07-12,358.32,539.35,84.75
desert_bloom,2025-07-13,339.11,539.35,83.2
desert_bloom,2025-07-14,367.48,539.35,85.09
desert_bloom,2025-07-15,587.56,539.35,83.52
desert_bloom,2025-07-16,468.74,539.35,84.14
desert_bloom,2025-07-17,581.54,539.35,83.99
desert_bloom,2025-07-18,333.66,539.35,87.34
desert_bloom,2025-07-19,574.78,539.35,84.32
desert_bloom,2025-07-20,575.28,539.35,84.99
desert_bloom,2025-07-21,565.89,539.35,86.81
desert_bloom,2025-07-22,445.2,539.35,85.61
desert_bloom,2025-07-23,542.5,539.35,83.93
desert_bloom,2025-07-24,351.66,539.35,83.84
desert_bloom,2025-07-25,465.52,539.35,86.14
desert_bloom,2025-07-26,352.43,539.35,87.22
desert_bloom,2025-07-27,469.88,539.35,83.65
desert_bloom,2025-07-28,655.24,539.35,82.45
desert_bloom,2025-07-29,465.56,539.35,86.81
desert_bloom,2025-07-30,564.21,539.35,82.86
desert_bloom,2025-07-31,517.7,539.35,82.21
desert_bloom,2025-08-01,636.14,529.55,100.0
desert_bloom,2025-08-02,527.25,529.55,98.4
desert_bloom,2025-08-03,442.02,529.55,99.89
desert_bloom,2025-08-04,510.32,529.55,98.47
desert_bloom,2025-08-05,452.77,529.55,100.0
desert_bloom,2025-08-06,526.86,529.55,99.85
desert_bloom,2025-08-07,459.81,529.55,99.61
desert_bloom,2025-08-08,655.1,529.55,97.43
desert_bloom,2025-08-09,657.96,529.55,98.82
desert_bloom,2025-08-10,424.56,529.55,100.0
desert_bloom,2025-08-11,733.65,529.55,100.0
desert_bloom,2025-08-12,703.2,529.55,100.0
desert_bloom,2025-08-13,478.94,529.55,98.11
desert_bloom,2025-08-14,457.71,529.55,97.06
desert_bloom,2025-08-15,533.09,529.55,100.0
desert_bloom,2025-08-16,572.76,529.55,97.42
desert_bloom,2025-08-17,547.33,529.55,100.0
desert_bloom,2025-08-18,589.85,529.55,100.0
desert_bloom,2025-08-19,456.72,529.55,100.0
desert_bloom,2025-08-20,549.53,529.55,98.97
desert_bloom,2025-08-21,714.82,529.55,100.0
desert_bloom,2025-08-22,495.76,529.55,99.5
desert_bloom,2025-08-23,580.59,529.55,97.64
desert_bloom,2025-08-24,382.78,529.55,98.84
desert_bloom,2025-08-25,577.05,529.55,100.0
desert_bloom,2025-08-26,733.85,529.55,98.4
desert_bloom,2025-08-27,589.91,529.55,97.65
desert_bloom,2025-08-28,478.66,529.55,99.92
desert_bloom,2025-08-29,487.68,529.55,97.83
desert_bloom,2025-08-30,627.65,529.55,100.0
desert_bloom,2025-08-31,660.32,529.55,100.0
desert_bloom,2025-09-01,493.14,481.33,100.0
desert_bloom,2025-09-02,528.27,481.33,100.0
desert_bloom,2025-09-03,374.56,481.33,97.26
desert_bloom,2025-09-04,469.09,481.33,98.12
desert_bloom,2025-09-05,491.08,481.33,100.0
desert_bloom,2025-09-06,618.12,481.33,100.0
desert_bloom,2025-09-07,365.91,481.33,100.0
desert_bloom,2025-09-08,431.57,481.33,98.5
desert_bloom,2025-09-09,364.86,481.33,98.64
desert_bloom,2025-09-10,470.79,481.33,98.39
desert_bloom,2025-09-11,535.35,481.33,98.86
desert_bloom,2025-09-12,483.07,481.33,100.0
desert_bloom,2025-09-13,490.68,481.33,99.89
desert_bloom,2025-09-14,370.94,481.33,100.0
desert_bloom,2025-09-15,559.32,481.33,98.19
desert_bloom,2025-09-16,385.75,481.33,99.87
desert_bloom,2025-09-17,629.04,481.33,99.72
desert_bloom,2025-09-18,551.86,481.33,99.49
desert_bloom,2025-09-19,642.29,481.33,100.0
desert_bloom,2025-09-20,436.29,481.33,100.0
desert_bloom,2025-09-21,405.82,481.33,97.34
desert_bloom,2025-09-22,529.17,481.33,98.58
desert_bloom,2025-09-23,666.78,481.33,97.61
desert_bloom,2025-09-24,608.43,481.33,100.0
desert_bloom,2025-09-25,500.0,481.33,100.0
desert_bloom,2025-09-26,401.83,481.33,99.9
desert_bloom,2025-09-27,316.89,481.33,98.9
desert_bloom,2025-09-28,475.12,481.33,100.0
desert_bloom,2025-09-29,468.11,481.33,100.0
desert_bloom,2025-09-30,447.41,481.33,100.0
desert_bloom,2025-10-01,539.86,402.06,100.0
desert_bloom,2025-10-02,490.37,402.06,97.06
desert_bloom,2025-10-03,459.09,402.06,100.0
desert_bloom,2025-10-04,487.75,402.06,100.0
desert_bloom,2025-10-05,386.95,402.06,100.0
desert_bloom,2025-10-06,483.13,402.06,97.79
desert_bloom,2025-10-07,389.55,402.06,100.0
desert_bloom,2025-10-08,267.99,402.06,98.78
desert_bloom,2025-10-09,341.86,402.06,99.36
desert_bloom,2025-10-10,536.46,402.06,100.0
desert_bloom,2025-10-11,405.47,402.06,97.73
desert_bloom,2025-10-12,319.41,402.06,100.0
desert_bloom,2025-10-13,391.95,402.06,97.94
desert_bloom,2025-10-14,485.89,402.06,99.03
desert_bloom,2025-10-15,507.15,402.06,100.0
desert_bloom,2025-10-16,471.4,402.06,98.05
desert_bloom,2025-10-17,352.75,402.06,98.25
desert_bloom,2025-10-18,493.05,402.06,98.63
desert_bloom,2025-10-19,357.81,402.06,98.8
desert_bloom,2025-10-20,420.18,402.06,100.0
desert_bloom,2025-10-21,313.24,402.06,100.0
desert_bloom,2025-10-22,434.03,402.06,100.0
desert_bloom,2025-10-23,567.99,402.06,98.64
desert_bloom,2025-10-24,379.72,402.06,98.98
desert_bloom,2025-10-25,365.92,402.06,99.77
desert_bloom,2025-10-26,339.69,402.06,100.0
desert_bloom,2025-10-27,407.3,402.06,100.0
desert_bloom,2025-10-28,396.96,402.06,100.0
desert_bloom,2025-10-29,433.75,402.06,97.21
desert_bloom,2025-10-30,412.91,402.06,97.5
desert_bloom,2025-10-31,404.77,402.06,100.0
desert_bloom,2025-11-01,382.81,344.53,100.0
desert_bloom,2025-11-02,382.1,344.53,100.0
desert_bloom,2025-11-03,395.03,344.53,100.0
desert_bloom,2025-11-04,318.07,344.53,100.0
desert_bloom,2025-11-05,328.6,344.53,100.0
desert_bloom,2025-11-06,505.24,344.53,100.0
desert_bloom,2025-11-07,252.51,344.53,97.54
desert_bloom,2025-11-08,423.14,344.53,100.0
desert_bloom,2025-11-09,359.19,344.53,100.0
desert_bloom,2025-11-10,420.54,344.53,98.06
desert_bloom,2025-11-11,241.96,344.53,99.65
desert_bloom,2025-11-12,271.44,344.53,100.0
desert_bloom,2025-11-13,420.3,344.53,100.0
desert_bloom,2025-11-14,312.62,344.53,100.0
desert_bloom,2025-11-15,421.47,344.53,97.42
desert_bloom,2025-11-16,349.82,344.53,97.74
desert_bloom,2025-11-17,289.91,344.53,98.46
desert_bloom,2025-11-18,317.54,344.53,100.0
desert_bloom,2025-11-19,329.72,344.53,96.97
desert_bloom,2025-11-20,405.23,344.53,97.27
desert_bloom,2025-11-21,254.72,344.53,99.33
desert_bloom,2025-11-22,392.9,344.53,100.0
desert_bloom,2025-11-23,275.27,344.53,100.0
desert_bloom,2025-11-24,318.18,344.53,98.21
desert_bloom,2025-11-25,245.15,344.53,100.0
desert_bloom,2025-11-26,363.57,344.53,100.0
desert_bloom,2025-11-27,348.47,344.53,100.0
desert_bloom,2025-11-28,269.39,344.53,100.0
desert_bloom,2025-11-29,375.41,344.53,99.58
desert_bloom,2025-11-30,343.8,344.53,100.0
desert_bloom,2025-12-01,276.12,294.19,99.96
desert_bloom,2025-12-02,350.34,294.19,99.98
desert_bloom,2025-12-03,253.27,294.19,99.67
desert_bloom,2025-12-04,378.77,294.19,99.28
desert_bloom,2025-12-05,383.01,294.19,100.0
desert_bloom,2025-12-06,207.83,294.19,97.28
desert_bloom,2025-12-07,439.33,294.19,97.31
desert_bloom,2025-12-08,324.73,294.19,99.35
desert_bloom,2025-12-09,375.93,294.19,100.0
desert_bloom,2025-12-10,318.23,294.19,100.0
desert_bloom,2025-12-11,309.54,294.19,100.0
desert_bloom,2025-12-12,292.62,294.19,100.0
desert_bloom,2025-12-13,320.99,294.19,98.99
desert_bloom,2025-12-14,244.65,294.19,100.0
desert_bloom,2025-12-15,312.42,294.19,96.92
desert_bloom,2025-12-16,201.0,294.19,100.0
desert_bloom,2025-12-17,310.73,294.19,100.0
desert_bloom,2025-12-18,242.63,294.19,98.55
desert_bloom,2025-12-19,404.01,294.19,97.58
desert_bloom,2025-12-20,346.84,294.19,100.0
desert_bloom,2025-12-21,315.22,294.19,98.14
desert_bloom,2025-12-22,196.09,294.19,100.0
desert_bloom,2025-12-23,290.81,294.19,100.0
desert_bloom,2025-12-24,259.71,294.19,98.2
desert_bloom,2025-12-25,316.61,294.19,99.92
desert_bloom,2025-12-26,286.69,294.19,100.0
desert_bloom,2025-12-27,275.06,294.19,100.0
desert_bloom,2025-12-28,251.62,294.19,97.76
desert_bloom,2025-12-29,301.1,294.19,98.7
desert_bloom,2025-12-30,250.52,294.19,100.0
desert_bloom,2025-12-31,387.94,294.19,99.46
desert_bloom,2026-01-01,371.73,318.71,100.0
desert_bloom,2026-01-02,304.04,318.71,100.0
desert_bloom,2026-01-03,413.58,318.71,100.0
desert_bloom,2026-01-04,299.35,318.71,98.36
desert_bloom,2026-01-05,278.98,318.71,100.0
desert_bloom,2026-01-06,344.77,318.71,100.0
desert_bloom,2026-01-07,246.32,318.71,100.0
desert_bloom,2026-01-08,383.85,318.71,98.03
desert_bloom,2026-01-09,401.44,318.71,100.0
desert_bloom,2026-01-10,356.65,318.71,98.9
desert_bloom,2026-01-11,354.0,318.71,100.0
desert_bloom,2026-01-12,367.54,318.71,100.0
desert_bloom,2026-01-13,296.19,318.71,100.0
desert_bloom,2026-01-14,300.76,318.71,100.0
desert_bloom,2026-01-15,365.26,318.71,100.0
desert_bloom,2026-01-16,276.34,318.71,99.98
desert_bloom,2026-01-17,285.47,318.71,100.0
desert_bloom,2026-01-18,351.66,318.71,100.0
desert_bloom,2026-01-19,292.12,318.71,100.0
desert_bloom,2026-01-20,241.96,318.71,98.46
desert_bloom,2026-01-21,419.62,318.71,99.41
desert_bloom,2026-01-22,244.15,318.71,99.18
desert_bloom,2026-01-23,390.02,318.71,100.0
desert_bloom,2026-01-24,334.85,318.71,100.0
desert_bloom,2026-01-25,433.76,318.71,99.84
desert_bloom,2026-01-26,283.41,318.71,97.92
desert_bloom,2026-01-27,366.77,318.71,100.0
desert_bloom,2026-01-28,347.48,318.71,97.25
desert_bloom,2026-01-29,258.51,318.71,100.0
desert_bloom,2026-01-30,386.28,318.71,99.37
desert_bloom,2026-01-31,360.32,318.71,100.0
desert_bloom,2026-02-01,351.18,390.86,100.0
desert_bloom,2026-02-02,394.57,390.86,97.0
desert_bloom,2026-02-03,498.8,390.86,100.0
desert_bloom,2026-02-04,438.57,390.86,97.48
desert_bloom,2026-02-05,285.89,390.86,100.0
desert_bloom,2026-02-06,441.42,390.86,99.28
desert_bloom,2026-02-07,358.28,390.86,100.0
desert_bloom,2026-02-08,473.97,390.86,100.0
desert_bloom,2026-02-09,504.6,390.86,100.0
desert_bloom,2026-02-10,404.97,390.86,99.18
desert_bloom,2026-02-11,356.86,390.86,96.96
desert_bloom,2026-02-12,320.37,390.86,99.5
desert_bloom,2026-02-13,476.39,390.86,100.0
desert_bloom,2026-02-14,304.73,390.86,97.16
desert_bloom,2026-02-15,366.41,390.86,100.0
desert_bloom,2026-02-16,339.71,390.86,97.35
desert_bloom,2026-02-17,560.98,390.86,100.0
desert_bloom,2026-02-18,324.17,390.86,98.79
desert_bloom,2026-02-19,522.86,390.86,100.0
desert_bloom,2026-02-20,436.27,390.86,97.36
desert_bloom,2026-02-21,293.46,390.86,100.0
desert_bloom,2026-02-22,416.84,390.86,98.89
desert_bloom,2026-02-23,410.55,390.86,100.0
desert_bloom,2026-02-24,452.85,390.86,100.0
desert_bloom,2026-02-25,286.69,390.86,100.0
desert_bloom,2026-02-26,390.02,390.86,100.0
desert_bloom,2026-02-27,405.05,390.86,97.08
desert_bloom,2026-02-28,395.74,390.86,99.84
desert_bloom,2026-03-01,286.02,416.77,100.0
desert_bloom,2026-03-02,493.25,416.77,98.8
desert_bloom,2026-03-03,277.09,416.77,98.75
desert_bloom,2026-03-04,363.2,416.77,97.7
desert_bloom,2026-03-05,340.74,416.77,100.0
desert_bloom,2026-03-06,345.25,416.77,99.02
desert_bloom,2026-03-07,331.41,416.77,98.85
desert_bloom,2026-03-08,371.85,416.77,99.23
desert_bloom,2026-03-09,358.29,416.77,100.0
desert_bloom,2026-03-10,559.98,416.77,97.92
desert_bloom,2026-03-11,352.61,416.77,98.71
desert_bloom,2026-03-12,368.61,416.77,99.51
desert_bloom,2026-03-13,403.86,416.77,97.36
desert_bloom,2026-03-14,334.93,416.77,100.0
desert_bloom,2026-03-15,408.82,416.77,97.54
desert_bloom,2026-03-16,426.65,416.77,98.89
desert_bloom,2026-03-17,498.32,416.77,98.88
desert_bloom,2026-03-18,420.02,416.77,100.0
desert_bloom,2026-03-19,487.41,416.77,98.82
desert_bloom,2026-03-20,491.77,416.77,98.79
desert_bloom,2026-03-21,621.26,416.77,98.65
desert_bloom,2026-03-22,474.48,416.77,100.0
desert_bloom,2026-03-23,346.73,416.77,100.0
desert_bloom,2026-03-24,352.41,416.77,100.0
desert_bloom,2026-03-25,455.67,416.77,100.0
desert_bloom,2026-03-26,498.37,416.77,99.67
desert_bloom,2026-03-27,470.35,416.77,98.65
desert_bloom,2026-03-28,520.7,416.77,100.0
desert_bloom,2026-03-29,402.64,416.77,100.0
desert_bloom,2026-03-30,377.15,416.77,100.0
desert_bloom,2026-03-31,435.94,416.77,100.0
desert_bloom,2026-04-01,507.62,466.13,97.41
desert_bloom,2026-04-02,579.99,466.13,99.03
desert_bloom,2026-04-03,447.97,466.13,100.0
desert_bloom,2026-04-04,511.74,466.13,100.0
desert_bloom,2026-04-05,597.37,466.13,96.96
desert_bloom,2026-04-06,409.13,466.13,100.0
desert_bloom,2026-04-07,511.17,466.13,99.57
desert_bloom,2026-04-08,482.12,466.13,100.0
desert_bloom,2026-04-09,454.8,466.13,97.05
desert_bloom,2026-04-10,354.54,466.13,100.0
desert_bloom,2026-04-11,415.53,466.13,97.75
desert_bloom,2026-04-12,417.37,466.13,98.14
desert_bloom,2026-04-13,468.59,466.13,99.53
desert_bloom,2026-04-14,504.19,466.13,98.7
desert_bloom,2026-04-15,500.29,466.13,100.0
desert_bloom,2026-04-16,546.78,466.13,97.89
desert_bloom,2026-04-17,568.03,466.13,97.95
desert_bloom,2026-04-18,386.43,466.13,100.0
desert_bloom,2026-04-19,388.74,466.13,98.01
desert_bloom,2026-04-20,506.52,466.13,97.08
desert_bloom,2026-04-21,463.24,466.13,100.0
desert_bloom,2026-04-22,472.38,466.13,98.13
desert_bloom,2026-04-23,599.9,466.13,97.28
desert_bloom,2026-04-24,403.41,466.13,98.02
desert_bloom,2026-04-25,421.63,466.13,98.47
desert_bloom,2026-04-26,585.44,466.13,100.0
desert_bloom,2026-04-27,521.45,466.13,100.0
desert_bloom,2026-04-28,478.26,466.13,100.0
desert_bloom,2026-04-29,601.63,466.13,98.68
desert_bloom,2026-04-30,446.13,466.13,97.7
riverbend,2024-05-01,48.41,57.46,99.18
riverbend,2024-05-02,66.92,57.46,100.0
riverbend,2024-05-03,59.17,57.46,96.21
riverbend,2024-05-04,50.32,57.46,95.69
riverbend,2024-05-05,44.86,57.46,96.19
riverbend,2024-05-06,77.83,57.46,98.4
riverbend,2024-05-07,60.46,57.46,97.86
riverbend,2024-05-08,68.94,57.46,95.86
riverbend,2024-05-09,44.52,57.46,97.12
riverbend,2024-05-10,50.26,57.46,96.38
riverbend,2024-05-11,60.06,57.46,99.96
riverbend,2024-05-12,52.31,57.46,96.05
riverbend,2024-05-13,73.44,57.46,97.57
riverbend,2024-05-14,59.15,57.46,99.68
riverbend,2024-05-15,67.74,57.46,95.98
riverbend,2024-05-16,74.03,57.46,97.15
riverbend,2024-05-17,73.55,57.46,97.46
riverbend,2024-05-18,67.13,57.46,100.0
riverbend,2024-05-19,61.68,57.46,100.0
riverbend,2024-05-20,57.78,57.46,99.63
riverbend,2024-05-21,55.82,57.46,96.2
riverbend,2024-05-22,43.18,57.46,95.72
riverbend,2024-05-23,48.88,57.46,98.6
riverbend,2024-05-24,54.53,57.46,97.1
riverbend,2024-05-25,54.75,57.46,100.0
riverbend,2024-05-26,55.91,57.46,100.0
riverbend,2024-05-27,75.77,57.46,100.0
riverbend,2024-05-28,62.27,57.46,100.0
riverbend,2024-05-29,51.93,57.46,100.0
riverbend,2024-05-30,69.99,57.46,98.3
riverbend,2024-05-31,55.96,57.46,97.85
riverbend,2024-06-01,65.43,62.5,98.56
riverbend,2024-06-02,47.5,62.5,100.0
riverbend,2024-06-03,70.34,62.5,100.0
riverbend,2024-06-04,49.74,62.5,99.81
riverbend,2024-06-05,50.87,62.5,97.87
riverbend,2024-06-06,59.18,62.5,98.63
riverbend,2024-06-07,66.79,62.5,99.51
riverbend,2024-06-08,59.8,62.5,96.89
riverbend,2024-06-09,51.58,62.5,99.36
riverbend,2024-06-10,53.66,62.5,99.25
riverbend,2024-06-11,49.84,62.5,97.81
riverbend,2024-06-12,61.95,62.5,100.0
riverbend,2024-06-13,56.22,62.5,98.24
riverbend,2024-06-14,63.25,62.5,98.83
riverbend,2024-06-15,69.92,62.5,98.98
riverbend,2024-06-16,58.57,62.5,98.0
riverbend,2024-06-17,72.58,62.5,96.61
riverbend,2024-06-18,54.89,62.5,97.96
riverbend,2024-06-19,59.11,62.5,100.0
riverbend,2024-06-20,85.37,62.5,99.13
riverbend,2024-06-21,42.48,62.5,98.9
riverbend,2024-06-22,62.73,62.5,98.48
riverbend,2024-06-23,68.5,62.5,100.0
riverbend,2024-06-24,64.13,62.5,100.0
riverbend,2024-06-25,49.61,62.5,96.65
riverbend,2024-06-26,66.97,62.5,100.0
riverbend,2024-06-27,60.32,62.5,99.07
riverbend,2024-06-28,77.08,62.5,97.12
riverbend,2024-06-29,51.17,62.5,100.0
riverbend,2024-06-30,66.3,62.5,98.49
riverbend,2024-07-01,78.31,63.51,99.32
riverbend,2024-07-02,56.36,63.51,98.42
riverbend,2024-07-03,68.61,63.51,95.69
riverbend,2024-07-04,89.58,63.51,98.33
riverbend,2024-07-05,48.84,63.51,98.93
riverbend,2024-07-06,73.99,63.51,100.0
riverbend,2024-07-07,71.35,63.51,100.0
riverbend,2024-07-08,63.57,63.51,99.46
riverbend,2024-07-09,83.71,63.51,99.99
riverbend,2024-07-10,39.32,63.51,96.94
riverbend,2024-07-11,39.99,63.51,100.0
riverbend,2024-07-12,66.35,63.51,98.37
riverbend,2024-07-13,64.06,63.51,95.86
riverbend,2024-07-14,67.3,63.51,97.03
riverbend,2024-07-15,56.57,63.51,96.58
riverbend,2024-07-16,76.22,63.51,97.71
riverbend,2024-07-17,75.66,63.51,99.45
riverbend,2024-07-18,49.87,63.51,99.74
riverbend,2024-07-19,66.67,63.51,95.88
riverbend,2024-07-20,60.28,63.51,99.02
riverbend,2024-07-21,60.44,63.51,99.81
riverbend,2024-07-22,52.17,63.51,99.57
riverbend,2024-07-23,57.7,63.51,98.5
riverbend,2024-07-24,79.37,63.51,96.37
riverbend,2024-07-25,53.56,63.51,96.98
riverbend,2024-07-26,84.77,63.51,95.54
riverbend,2024-07-27,70.21,63.51,95.75
riverbend,2024-07-28,73.39,63.51,95.83
riverbend,2024-07-29,59.33,63.51,98.36
riverbend,2024-07-30,63.56,63.51,96.9
riverbend,2024-07-31,49.55,63.51,99.7
riverbend,2024-08-01,49.8,60.48,92.66
riverbend,2024-08-02,64.73,60.48,91.96
riverbend,2024-08-03,50.27,60.48,90.01
riverbend,2024-08-04,58.85,60.48,87.98
riverbend,2024-08-05,51.58,60.48,92.92
riverbend,2024-08-06,49.19,60.48,93.4
riverbend,2024-08-07,61.83,60.48,90.3
riverbend,2024-08-08,53.54,60.48,89.48
riverbend,2024-08-09,49.09,60.48,88.72
riverbend,2024-08-10,54.54,60.48,91.25
riverbend,2024-08-11,56.11,60.48,90.47
riverbend,2024-08-12,59.01,60.48,92.91
riverbend,2024-08-13,59.6,60.48,87.55
riverbend,2024-08-14,48.57,60.48,89.59
riverbend,2024-08-15,74.79,60.48,93.22
riverbend,2024-08-16,40.96,60.48,92.61
riverbend,2024-08-17,55.89,60.48,90.69
riverbend,2024-08-18,46.93,60.48,87.87
riverbend,2024-08-19,77.05,60.48,88.07
riverbend,2024-08-20,78.25,60.48,90.63
riverbend,2024-08-21,60.15,60.48,93.36
riverbend,2024-08-22,36.83,60.48,88.31
riverbend,2024-08-23,58.04,60.48,90.92
riverbend,2024-08-24,61.1,60.48,88.93
riverbend,2024-08-25,45.16,60.48,92.32
riverbend,2024-08-26,66.95,60.48,89.42
riverbend,2024-08-27,42.03,60.48,88.73
riverbend,2024-08-28,66.84,60.48,88.44
riverbend,2024-08-29,44.12,60.48,89.95
riverbend,2024-08-30,64.96,60.48,88.76
riverbend,2024-08-31,45.91,60.48,88.23
riverbend,2024-09-01,31.77,53.12,84.41
riverbend,2024-09-02,48.34,53.12,83.83
riverbend,2024-09-03,50.64,53.12,84.7
riverbend,2024-09-04,47.51,53.12,83.77
riverbend,2024-09-05,48.55,53.12,83.11
riverbend,2024-09-06,35.39,53.12,88.17
riverbend,2024-09-07,38.88,53.12,84.51
riverbend,2024-09-08,51.22,53.12,85.77
riverbend,2024-09-09,42.59,53.12,82.4
riverbend,2024-09-10,37.69,53.12,84.93
riverbend,2024-09-11,39.69,53.12,87.25
riverbend,2024-09-12,35.31,53.12,85.04
riverbend,2024-09-13,37.27,53.12,87.2
riverbend,2024-09-14,36.64,53.12,86.37
riverbend,2024-09-15,33.46,53.12,83.4
riverbend,2024-09-16,44.06,53.12,82.48
riverbend,2024-09-17,45.06,53.12,84.04
riverbend,2024-09-18,43.78,53.12,82.64
riverbend,2024-09-19,35.21,53.12,83.47
riverbend,2024-09-20,56.47,53.12,86.06
riverbend,2024-09-21,58.54,53.12,88.21
riverbend,2024-09-22,50.98,53.12,85.54
riverbend,2024-09-23,50.7,53.12,85.29
riverbend,2024-09-24,38.4,53.12,84.19
riverbend,2024-09-25,42.35,53.12,86.94
riverbend,2024-09-26,38.41,53.12,85.45
riverbend,2024-09-27,60.73,53.12,88.12
riverbend,2024-09-28,36.23,53.12,83.87
riverbend,2024-09-29,60.95,53.12,82.61
riverbend,2024-09-30,54.12,53.12,87.35
riverbend,2024-10-01,45.21,39.31,88.17
riverbend,2024-10-02,45.69,39.31,91.38
riverbend,2024-10-03,33.83,39.31,93.93
riverbend,2024-10-04,44.08,39.31,89.85
riverbend,2024-10-05,31.35,39.31,89.39
riverbend,2024-10-06,30.13,39.31,88.0
riverbend,2024-10-07,40.94,39.31,88.78
riverbend,2024-10-08,45.74,39.31,93.06
riverbend,2024-10-09,27.54,39.31,91.52
riverbend,2024-10-10,48.66,39.31,93.08
riverbend,2024-10-11,49.78,39.31,90.24
riverbend,2024-10-12,44.06,39.31,88.6
riverbend,2024-10-13,28.22,39.31,88.94
riverbend,2024-10-14,49.63,39.31,93.76
riverbend,2024-10-15,35.34,39.31,93.81
riverbend,2024-10-16,45.29,39.31,92.72
riverbend,2024-10-17,30.78,39.31,89.05
riverbend,2024-10-18,33.59,39.31,88.76
riverbend,2024-10-19,46.4,39.31,93.69
riverbend,2024-10-20,38.6,39.31,93.79
riverbend,2024-10-21,26.66,39.31,93.52
riverbend,2024-10-22,42.19,39.31,91.39
riverbend,2024-10-23,40.48,39.31,92.47
riverbend,2024-10-24,34.69,39.31,89.01
riverbend,2024-10-25,38.81,39.31,92.25
riverbend,2024-10-26,43.47,39.31,90.68
riverbend,2024-10-27,28.57,39.31,88.4
riverbend,2024-10-28,27.09,39.31,88.01
riverbend,2024-10-29,35.83,39.31,93.81
riverbend,2024-10-30,44.16,39.31,90.27
riverbend,2024-10-31,32.53,39.31,90.87
riverbend,2024-11-01,28.63,28.12,97.35
riverbend,2024-11-02,21.85,28.12,100.0
riverbend,2024-11-03,32.57,28.12,97.46
riverbend,2024-11-04,30.91,28.12,99.8
riverbend,2024-11-05,23.03,28.12,97.89
riverbend,2024-11-06,31.32,28.12,97.51
riverbend,2024-11-07,21.13,28.12,100.0
riverbend,2024-11-08,34.28,28.12,98.49
riverbend,2024-11-09,22.65,28.12,97.2
riverbend,2024-11-10,32.52,28.12,97.82
riverbend,2024-11-11,25.37,28.12,98.67
riverbend,2024-11-12,31.98,28.12,98.1
riverbend,2024-11-13,18.24,28.12,98.65
riverbend,2024-11-14,23.38,28.12,98.75
riverbend,2024-11-15,26.47,28.12,100.0
riverbend,2024-11-16,21.64,28.12,98.01
riverbend,2024-11-17,33.47,28.12,99.57
riverbend,2024-11-18,24.02,28.12,98.26
riverbend,2024-11-19,21.16,28.12,100.0
riverbend,2024-11-20,27.27,28.12,98.96
riverbend,2024-11-21,33.09,28.12,100.0
riverbend,2024-11-22,32.19,28.12,100.0
riverbend,2024-11-23,27.2,28.12,100.0
riverbend,2024-11-24,31.06,28.12,99.76
riverbend,2024-11-25,23.7,28.12,100.0
riverbend,2024-11-26,31.73,28.12,100.0
riverbend,2024-11-27,32.44,28.12,97.62
riverbend,2024-11-28,29.45,28.12,100.0
riverbend,2024-11-29,39.67,28.12,97.66
riverbend,2024-11-30,30.95,28.12,99.51
riverbend,2024-12-01,19.27,21.17,98.86
riverbend,2024-12-02,18.22,21.17,100.0
riverbend,2024-12-03,25.9,21.17,100.0
riverbend,2024-12-04,19.77,21.17,97.79
riverbend,2024-12-05,24.18,21.17,100.0
riverbend,2024-12-06,27.26,21.17,97.51
riverbend,2024-12-07,18.78,21.17,98.96
riverbend,2024-12-08,19.47,21.17,99.81
riverbend,2024-12-09,19.56,21.17,98.55
riverbend,2024-12-10,17.31,21.17,100.0
riverbend,2024-12-11,17.22,21.17,98.89
riverbend,2024-12-12,19.29,21.17,100.0
riverbend,2024-12-13,22.6,21.17,100.0
riverbend,2024-12-14,17.56,21.17,99.85
riverbend,2024-12-15,20.95,21.17,100.0
riverbend,2024-12-16,19.01,21.17,99.56
riverbend,2024-12-17,23.72,21.17,99.4
riverbend,2024-12-18,21.01,21.17,98.17
riverbend,2024-12-19,27.3,21.17,100.0
riverbend,2024-12-20,28.52,21.17,99.99
riverbend,2024-12-21,15.99,21.17,99.94
riverbend,2024-12-22,18.41,21.17,100.0
riverbend,2024-12-23,13.88,21.17,100.0
riverbend,2024-12-24,23.7,21.17,99.64
riverbend,2024-12-25,28.3,21.17,98.54
riverbend,2024-12-26,25.49,21.17,100.0
riverbend,2024-12-27,14.18,21.17,99.13
riverbend,2024-12-28,20.34,21.17,100.0
riverbend,2024-12-29,21.42,21.17,97.88
riverbend,2024-12-30,28.33,21.17,100.0
riverbend,2024-12-31,17.94,21.17,97.88
riverbend,2025-01-01,18.82,24.19,100.0
riverbend,2025-01-02,19.32,24.19,100.0
riverbend,2025-01-03,22.05,24.19,98.41
riverbend,2025-01-04,27.17,24.19,100.0
riverbend,2025-01-05,25.87,24.19,99.16
riverbend,2025-01-06,20.52,24.19,99.7
riverbend,2025-01-07,29.6,24.19,99.28
riverbend,2025-01-08,18.63,24.19,100.0
riverbend,2025-01-09,28.3,24.19,100.0
riverbend,2025-01-10,24.41,24.19,97.55
riverbend,2025-01-11,20.64,24.19,100.0
riverbend,2025-01-12,27.55,24.19,100.0
riverbend,2025-01-13,28.31,24.19,97.8
riverbend,2025-01-14,31.66,24.19,100.0
riverbend,2025-01-15,29.68,24.19,100.0
riverbend,2025-01-16,28.83,24.19,100.0
riverbend,2025-01-17,29.38,24.19,99.41
riverbend,2025-01-18,19.58,24.19,100.0
riverbend,2025-01-19,23.07,24.19,100.0
riverbend,2025-01-20,20.54,24.19,100.0
riverbend,2025-01-21,31.9,24.19,99.94
riverbend,2025-01-22,32.45,24.19,100.0
riverbend,2025-01-23,17.34,24.19,97.67
riverbend,2025-01-24,22.78,24.19,100.0
riverbend,2025-01-25,20.81,24.19,98.91
riverbend,2025-01-26,17.58,24.19,100.0
riverbend,2025-01-27,23.43,24.19,98.89
riverbend,2025-01-28,19.59,24.19,100.0
riverbend,2025-01-29,26.59,24.19,100.0
riverbend,2025-01-30,26.91,24.19,100.0
riverbend,2025-01-31,27.08,24.19,99.19
riverbend,2025-02-01,41.49,33.48,98.8
riverbend,2025-02-02,41.35,33.48,99.83
riverbend,2025-02-03,32.91,33.48,100.0
riverbend,2025-02-04,22.13,33.48,100.0
riverbend,2025-02-05,29.21,33.48,99.84
riverbend,2025-02-06,34.29,33.48,100.0
riverbend,2025-02-07,35.43,33.48,100.0
riverbend,2025-02-08,27.06,33.48,98.1
riverbend,2025-02-09,26.66,33.48,98.83
riverbend,2025-02-10,36.78,33.48,100.0
riverbend,2025-02-11,33.61,33.48,100.0
riverbend,2025-02-12,27.22,33.48,99.2
riverbend,2025-02-13,32.03,33.48,100.0
riverbend,2025-02-14,27.83,33.48,100.0
riverbend,2025-02-15,34.0,33.48,100.0
riverbend,2025-02-16,41.76,33.48,100.0
riverbend,2025-02-17,28.04,33.48,100.0
riverbend,2025-02-18,41.04,33.48,98.27
riverbend,2025-02-19,34.14,33.48,100.0
riverbend,2025-02-20,32.07,33.48,99.1
riverbend,2025-02-21,31.72,33.48,100.0
riverbend,2025-02-22,29.13,33.48,97.19
riverbend,2025-02-23,45.94,33.48,100.0
riverbend,2025-02-24,25.42,33.48,99.4
riverbend,2025-02-25,31.8,33.48,99.75
riverbend,2025-02-26,28.32,33.48,100.0
riverbend,2025-02-27,31.2,33.48,100.0
riverbend,2025-02-28,30.04,33.48,97.72
riverbend,2025-03-01,32.57,42.34,100.0
riverbend,2025-03-02,37.25,42.34,98.67
riverbend,2025-03-03,30.91,42.34,98.15
riverbend,2025-03-04,51.14,42.34,96.92
riverbend,2025-03-05,52.92,42.34,100.0
riverbend,2025-03-06,42.14,42.34,97.44
riverbend,2025-03-07,45.95,42.34,97.51
riverbend,2025-03-08,33.56,42.34,100.0
riverbend,2025-03-09,37.13,42.34,97.5
riverbend,2025-03-10,29.66,42.34,98.64
riverbend,2025-03-11,47.66,42.34,100.0
riverbend,2025-03-12,34.88,42.34,97.18
riverbend,2025-03-13,54.33,42.34,97.92
riverbend,2025-03-14,38.38,42.34,100.0
riverbend,2025-03-15,46.07,42.34,100.0
riverbend,2025-03-16,33.59,42.34,100.0
riverbend,2025-03-17,35.64,42.34,100.0
riverbend,2025-03-18,52.71,42.34,100.0
riverbend,2025-03-19,34.77,42.34,97.25
riverbend,2025-03-20,48.59,42.34,99.4
riverbend,2025-03-21,49.18,42.34,100.0
riverbend,2025-03-22,33.34,42.34,99.05
riverbend,2025-03-23,32.37,42.34,100.0
riverbend,2025-03-24,48.83,42.34,100.0
riverbend,2025-03-25,31.96,42.34,97.18
riverbend,2025-03-26,34.6,42.34,100.0
riverbend,2025-03-27,51.13,42.34,100.0
riverbend,2025-03-28,50.8,42.34,100.0
riverbend,2025-03-29,38.88,42.34,100.0
riverbend,2025-03-30,33.95,42.34,98.39
riverbend,2025-03-31,40.86,42.34,99.21
riverbend,2025-04-01,72.26,53.12,97.35
riverbend,2025-04-02,49.29,53.12,100.0
riverbend,2025-04-03,35.96,53.12,100.0
riverbend,2025-04-04,46.57,53.12,99.65
riverbend,2025-04-05,62.43,53.12,100.0
riverbend,2025-04-06,46.06,53.12,99.88
riverbend,2025-04-07,51.66,53.12,99.37
riverbend,2025-04-08,47.22,53.12,97.45
riverbend,2025-04-09,59.11,53.12,98.73
riverbend,2025-04-10,49.23,53.12,100.0
riverbend,2025-04-11,65.43,53.12,97.23
riverbend,2025-04-12,44.17,53.12,100.0
riverbend,2025-04-13,57.1,53.12,100.0
riverbend,2025-04-14,53.64,53.12,100.0
riverbend,2025-04-15,42.61,53.12,100.0
riverbend,2025-04-16,64.39,53.12,100.0
riverbend,2025-04-17,52.02,53.12,97.88
riverbend,2025-04-18,44.86,53.12,100.0
riverbend,2025-04-19,42.41,53.12,98.03
riverbend,2025-04-20,65.4,53.12,99.64
riverbend,2025-04-21,66.86,53.12,97.55
riverbend,2025-04-22,57.47,53.12,100.0
riverbend,2025-04-23,61.19,53.12,99.6
riverbend,2025-04-24,66.87,53.12,97.71
riverbend,2025-04-25,54.16,53.12,97.19
riverbend,2025-04-26,74.62,53.12,99.8
riverbend,2025-04-27,60.8,53.12,97.96
riverbend,2025-04-28,60.13,53.12,97.67
riverbend,2025-04-29,51.59,53.12,100.0
riverbend,2025-04-30,51.98,53.12,100.0
riverbend,2025-05-01,58.41,57.46,100.0
riverbend,2025-05-02,54.22,57.46,100.0
riverbend,2025-05-03,74.1,57.46,100.0
riverbend,2025-05-04,49.49,57.46,98.47
riverbend,2025-05-05,55.48,57.46,100.0
riverbend,2025-05-06,72.1,57.46,99.75
riverbend,2025-05-07,61.47,57.46,97.42
riverbend,2025-05-08,52.68,57.46,100.0
riverbend,2025-05-09,62.4,57.46,100.0
riverbend,2025-05-10,65.56,57.46,100.0
riverbend,2025-05-11,69.38,57.46,96.88
riverbend,2025-05-12,48.11,57.46,97.93
riverbend,2025-05-13,60.08,57.46,98.45
riverbend,2025-05-14,54.48,57.46,100.0
riverbend,2025-05-15,54.88,57.46,96.92
riverbend,2025-05-16,60.86,57.46,100.0
riverbend,2025-05-17,73.78,57.46,100.0
riverbend,2025-05-18,55.54,57.46,100.0
riverbend,2025-05-19,64.21,57.46,100.0
riverbend,2025-05-20,70.57,57.46,100.0
riverbend,2025-05-21,70.55,57.46,100.0
riverbend,2025-05-22,38.09,57.46,100.0
riverbend,2025-05-23,75.5,57.46,100.0
riverbend,2025-05-24,76.96,57.46,100.0
riverbend,2025-05-25,67.99,57.46,100.0
riverbend,2025-05-26,77.23,57.46,98.49
riverbend,2025-05-27,49.46,57.46,97.85
riverbend,2025-05-28,46.96,57.46,98.99
riverbend,2025-05-29,56.6,57.46,97.51
riverbend,2025-05-30,56.59,57.46,98.71
riverbend,2025-05-31,58.69,57.46,97.65
riverbend,2025-06-01,62.86,62.5,98.81
riverbend,2025-06-02,47.68,62.5,97.31
riverbend,2025-06-03,61.91,62.5,100.0
riverbend,2025-06-04,43.81,62.5,98.18
riverbend,2025-06-05,54.55,62.5,98.21
riverbend,2025-06-06,73.58,62.5,100.0
riverbend,2025-06-07,86.52,62.5,96.95
riverbend,2025-06-08,68.59,62.5,100.0
riverbend,2025-06-09,70.09,62.5,100.0
riverbend,2025-06-10,66.47,62.5,100.0
riverbend,2025-06-11,77.47,62.5,100.0
riverbend,2025-06-12,61.86,62.5,100.0
riverbend,2025-06-13,63.88,62.5,99.57
riverbend,2025-06-14,51.48,62.5,98.06
riverbend,2025-06-15,72.42,62.5,97.9
riverbend,2025-06-16,81.56,62.5,96.94
riverbend,2025-06-17,49.2,62.5,100.0
riverbend,2025-06-18,75.42,62.5,97.52
riverbend,2025-06-19,68.68,62.5,100.0
riverbend,2025-06-20,77.01,62.5,100.0
riverbend,2025-06-21,65.14,62.5,99.66
riverbend,2025-06-22,49.88,62.5,97.23
riverbend,2025-06-23,75.79,62.5,100.0
riverbend,2025-06-24,49.13,62.5,99.23
riverbend,2025-06-25,66.89,62.5,97.0
riverbend,2025-06-26,70.63,62.5,100.0
riverbend,2025-06-27,73.02,62.5,100.0
riverbend,2025-06-28,61.85,62.5,100.0
riverbend,2025-06-29,52.51,62.5,98.71
riverbend,2025-06-30,51.39,62.5,99.53
riverbend,2025-07-01,61.74,63.51,82.86
riverbend,2025-07-02,65.68,63.51,86.77
riverbend,2025-07-03,57.79,63.51,87.7
riverbend,2025-07-04,55.4,63.51,82.74
riverbend,2025-07-05,38.2,63.51,85.22
riverbend,2025-07-06,63.04,63.51,86.49
riverbend,2025-07-07,62.52,63.51,84.48
riverbend,2025-07-08,57.65,63.51,82.97
riverbend,2025-07-09,48.37,63.51,83.17
riverbend,2025-07-10,46.55,63.51,87.11
riverbend,2025-07-11,72.23,63.51,87.97
riverbend,2025-07-12,52.35,63.51,83.74
riverbend,2025-07-13,34.39,63.51,86.35
riverbend,2025-07-14,49.74,63.51,82.77
riverbend,2025-07-15,50.8,63.51,85.72
riverbend,2025-07-16,61.9,63.51,84.7
riverbend,2025-07-17,53.2,63.51,85.51
riverbend,2025-07-18,52.65,63.51,83.9
riverbend,2025-07-19,43.03,63.51,83.48
riverbend,2025-07-20,47.15,63.51,84.62
riverbend,2025-07-21,56.61,63.51,86.4
riverbend,2025-07-22,64.06,63.51,84.15
riverbend,2025-07-23,47.37,63.51,83.05
riverbend,2025-07-24,61.95,63.51,87.15
riverbend,2025-07-25,41.88,63.51,83.58
riverbend,2025-07-26,56.78,63.51,82.45
riverbend,2025-07-27,37.64,63.51,82.19
riverbend,2025-07-28,53.82,63.51,85.54
riverbend,2025-07-29,66.7,63.51,85.26
riverbend,2025-07-30,68.03,63.51,86.65
riverbend,2025-07-31,44.52,63.51,86.63
riverbend,2025-08-01,81.03,60.48,100.0
riverbend,2025-08-02,49.29,60.48,99.58
riverbend,2025-08-03,56.25,60.48,100.0
riverbend,2025-08-04,84.18,60.48,99.8
riverbend,2025-08-05,51.45,60.48,99.83
riverbend,2025-08-06,43.52,60.48,97.16
riverbend,2025-08-07,56.78,60.48,99.07
riverbend,2025-08-08,59.45,60.48,97.18
riverbend,2025-08-09,74.92,60.48,100.0
riverbend,2025-08-10,68.33,60.48,100.0
riverbend,2025-08-11,53.37,60.48,97.94
riverbend,2025-08-12,64.34,60.48,100.0
riverbend,2025-08-13,74.12,60.48,99.16
riverbend,2025-08-14,76.77,60.48,99.02
riverbend,2025-08-15,74.64,60.48,99.79
riverbend,2025-08-16,65.27,60.48,97.73
riverbend,2025-08-17,42.85,60.48,100.0
riverbend,2025-08-18,46.0,60.48,99.07
riverbend,2025-08-19,61.45,60.48,98.28
riverbend,2025-08-20,77.67,60.48,99.79
riverbend,2025-08-21,55.35,60.48,97.87
riverbend,2025-08-22,63.12,60.48,97.16
riverbend,2025-08-23,57.58,60.48,100.0
riverbend,2025-08-24,45.38,60.48,97.24
riverbend,2025-08-25,47.45,60.48,100.0
riverbend,2025-08-26,66.29,60.48,97.01
riverbend,2025-08-27,72.85,60.48,98.6
riverbend,2025-08-28,45.43,60.48,100.0
riverbend,2025-08-29,67.52,60.48,100.0
riverbend,2025-08-30,70.86,60.48,100.0
riverbend,2025-08-31,52.05,60.48,98.49
riverbend,2025-09-01,49.12,53.12,99.93
riverbend,2025-09-02,45.98,53.12,97.48
riverbend,2025-09-03,55.02,53.12,97.13
riverbend,2025-09-04,63.23,53.12,97.61
riverbend,2025-09-05,47.48,53.12,100.0
riverbend,2025-09-06,72.27,53.12,100.0
riverbend,2025-09-07,59.2,53.12,99.12
riverbend,2025-09-08,39.54,53.12,98.28
riverbend,2025-09-09,69.3,53.12,99.19
riverbend,2025-09-10,60.98,53.12,100.0
riverbend,2025-09-11,53.06,53.12,97.7
riverbend,2025-09-12,48.96,53.12,100.0
riverbend,2025-09-13,52.26,53.12,99.35
riverbend,2025-09-14,46.66,53.12,100.0
riverbend,2025-09-15,50.02,53.12,96.94
riverbend,2025-09-16,62.3,53.12,98.8
riverbend,2025-09-17,44.39,53.12,100.0
riverbend,2025-09-18,50.89,53.12,99.44
riverbend,2025-09-19,46.28,53.12,100.0
riverbend,2025-09-20,60.61,53.12,100.0
riverbend,2025-09-21,51.33,53.12,100.0
riverbend,2025-09-22,43.33,53.12,98.97
riverbend,2025-09-23,64.92,53.12,100.0
riverbend,2025-09-24,63.53,53.12,99.58
riverbend,2025-09-25,54.3,53.12,98.19
riverbend,2025-09-26,48.29,53.12,100.0
riverbend,2025-09-27,64.1,53.12,97.86
riverbend,2025-09-28,58.78,53.12,97.45
riverbend,2025-09-29,47.92,53.12,99.51
riverbend,2025-09-30,36.53,53.12,97.38
riverbend,2025-10-01,55.54,39.31,100.0
riverbend,2025-10-02,35.07,39.31,100.0
riverbend,2025-10-03,44.24,39.31,97.1
riverbend,2025-10-04,42.57,39.31,98.29
riverbend,2025-10-05,27.59,39.31,98.34
riverbend,2025-10-06,25.12,39.31,100.0
riverbend,2025-10-07,44.63,39.31,99.27
riverbend,2025-10-08,42.27,39.31,100.0
riverbend,2025-10-09,25.99,39.31,98.61
riverbend,2025-10-10,53.86,39.31,98.99
riverbend,2025-10-11,47.67,39.31,100.0
riverbend,2025-10-12,36.86,39.31,100.0
riverbend,2025-10-13,33.3,39.31,97.54
riverbend,2025-10-14,27.89,39.31,100.0
riverbend,2025-10-15,53.72,39.31,100.0
riverbend,2025-10-16,48.56,39.31,100.0
riverbend,2025-10-17,52.13,39.31,100.0
riverbend,2025-10-18,52.55,39.31,99.65
riverbend,2025-10-19,40.06,39.31,97.06
riverbend,2025-10-20,26.78,39.31,100.0
riverbend,2025-10-21,54.59,39.31,98.28
riverbend,2025-10-22,40.42,39.31,100.0
riverbend,2025-10-23,31.03,39.31,98.39
riverbend,2025-10-24,31.79,39.31,100.0
riverbend,2025-10-25,33.67,39.31,99.76
riverbend,2025-10-26,40.78,39.31,98.51
riverbend,2025-10-27,53.49,39.31,100.0
riverbend,2025-10-28,36.36,39.31,100.0
riverbend,2025-10-29,44.62,39.31,98.12
riverbend,2025-10-30,35.19,39.31,97.84
riverbend,2025-10-31,34.4,39.31,100.0
riverbend,2025-11-01,32.65,28.12,100.0
riverbend,2025-11-02,34.87,28.12,100.0
riverbend,2025-11-03,33.42,28.12,98.23
riverbend,2025-11-04,25.94,28.12,100.0
riverbend,2025-11-05,28.6,28.12,99.91
riverbend,2025-11-06,28.3,28.12,97.95
riverbend,2025-11-07,39.01,28.12,99.66
riverbend,2025-11-08,27.21,28.12,98.16
riverbend,2025-11-09,28.45,28.12,100.0
riverbend,2025-11-10,24.86,28.12,98.32
riverbend,2025-11-11,29.09,28.12,99.1
riverbend,2025-11-12,26.13,28.12,100.0
riverbend,2025-11-13,29.25,28.12,98.58
riverbend,2025-11-14,20.57,28.12,100.0
riverbend,2025-11-15,21.09,28.12,98.52
riverbend,2025-11-16,23.6,28.12,99.19
riverbend,2025-11-17,25.65,28.12,97.8
riverbend,2025-11-18,30.6,28.12,99.9
riverbend,2025-11-19,41.04,28.12,100.0
riverbend,2025-11-20,35.2,28.12,98.7
riverbend,2025-11-21,30.3,28.12,99.29
riverbend,2025-11-22,27.69,28.12,100.0
riverbend,2025-11-23,29.33,28.12,99.6
riverbend,2025-11-24,24.72,28.12,100.0
riverbend,2025-11-25,33.43,28.12,97.02
riverbend,2025-11-26,24.56,28.12,100.0
riverbend,2025-11-27,23.99,28.12,100.0
riverbend,2025-11-28,24.98,28.12,99.03
riverbend,2025-11-29,31.49,28.12,100.0
riverbend,2025-11-30,34.06,28.12,98.62
riverbend,2025-12-01,22.73,21.17,97.87
riverbend,2025-12-02,17.06,21.17,98.65
riverbend,2025-12-03,19.37,21.17,98.53
riverbend,2025-12-04,23.13,21.17,99.08
riverbend,2025-12-05,25.87,21.17,99.38
riverbend,2025-12-06,14.98,21.17,100.0
riverbend,2025-12-07,26.8,21.17,100.0
riverbend,2025-12-08,14.52,21.17,97.52
riverbend,2025-12-09,17.74,21.17,100.0
riverbend,2025-12-10,14.96,21.17,100.0
riverbend,2025-12-11,15.02,21.17,97.83
riverbend,2025-12-12,26.3,21.17,98.76
riverbend,2025-12-13,17.12,21.17,100.0
riverbend,2025-12-14,18.51,21.17,97.07
riverbend,2025-12-15,26.25,21.17,98.85
riverbend,2025-12-16,24.29,21.17,100.0
riverbend,2025-12-17,18.32,21.17,100.0
riverbend,2025-12-18,21.79,21.17,100.0
riverbend,2025-12-19,24.22,21.17,100.0
riverbend,2025-12-20,22.79,21.17,98.76
riverbend,2025-12-21,19.83,21.17,100.0
riverbend,2025-12-22,19.98,21.17,98.46
riverbend,2025-12-23,16.18,21.17,100.0
riverbend,2025-12-24,24.85,21.17,99.72
riverbend,2025-12-25,17.13,21.17,100.0
riverbend,2025-12-26,18.14,21.17,99.48
riverbend,2025-12-27,17.37,21.17,96.94
riverbend,2025-12-28,19.41,21.17,100.0
riverbend,2025-12-29,18.17,21.17,100.0
riverbend,2025-12-30,19.41,21.17,98.48
riverbend,2025-12-31,18.96,21.17,100.0
riverbend,2026-01-01,27.06,24.19,98.64
riverbend,2026-01-02,27.65,24.19,98.53
riverbend,2026-01-03,24.01,24.19,97.02
riverbend,2026-01-04,18.2,24.19,98.02
riverbend,2026-01-05,17.49,24.19,100.0
riverbend,2026-01-06,25.79,24.19,97.8
riverbend,2026-01-07,23.42,24.19,98.77
riverbend,2026-01-08,33.46,24.19,99.68
riverbend,2026-01-09,27.52,24.19,100.0
riverbend,2026-01-10,27.19,24.19,100.0
riverbend,2026-01-11,18.17,24.19,98.05
riverbend,2026-01-12,32.56,24.19,100.0
riverbend,2026-01-13,20.61,24.19,98.39
riverbend,2026-01-14,28.2,24.19,100.0
riverbend,2026-01-15,17.56,24.19,100.0
riverbend,2026-01-16,28.6,24.19,99.74
riverbend,2026-01-17,25.82,24.19,98.84
riverbend,2026-01-18,22.94,24.19,100.0
riverbend,2026-01-19,23.14,24.19,100.0
riverbend,2026-01-20,22.57,24.19,100.0
riverbend,2026-01-21,18.12,24.19,100.0
riverbend,2026-01-22,19.88,24.19,98.56
riverbend,2026-01-23,20.7,24.19,96.95
riverbend,2026-01-24,19.42,24.19,99.75
riverbend,2026-01-25,25.09,24.19,97.44
riverbend,2026-01-26,17.21,24.19,100.0
riverbend,2026-01-27,35.69,24.19,100.0
riverbend,2026-01-28,18.95,24.19,100.0
riverbend,2026-01-29,25.74,24.19,98.3
riverbend,2026-01-30,34.56,24.19,100.0
riverbend,2026-01-31,28.66,24.19,98.06
riverbend,2026-02-01,34.67,33.48,98.02
riverbend,2026-02-02,33.23,33.48,98.55
riverbend,2026-02-03,46.08,33.48,100.0
riverbend,2026-02-04,22.72,33.48,98.67
riverbend,2026-02-05,28.16,33.48,96.9
riverbend,2026-02-06,35.67,33.48,98.01
riverbend,2026-02-07,26.92,33.48,100.0
riverbend,2026-02-08,30.74,33.48,100.0
riverbend,2026-02-09,33.8,33.48,100.0
riverbend,2026-02-10,34.66,33.48,100.0
riverbend,2026-02-11,31.84,33.48,97.56
riverbend,2026-02-12,30.16,33.48,100.0
riverbend,2026-02-13,29.57,33.48,98.11
riverbend,2026-02-14,29.81,33.48,100.0
riverbend,2026-02-15,43.03,33.48,100.0
riverbend,2026-02-16,35.51,33.48,99.1
riverbend,2026-02-17,31.68,33.48,100.0
riverbend,2026-02-18,28.14,33.48,100.0
riverbend,2026-02-19,27.88,33.48,97.26
riverbend,2026-02-20,40.03,33.48,99.4
riverbend,2026-02-21,33.47,33.48,100.0
riverbend,2026-02-22,25.33,33.48,97.32
riverbend,2026-02-23,34.19,33.48,100.0
riverbend,2026-02-24,27.67,33.48,100.0
riverbend,2026-02-25,28.03,33.48,98.39
riverbend,2026-02-26,33.22,33.48,100.0
riverbend,2026-02-27,28.61,33.48,100.0
riverbend,2026-02-28,30.88,33.48,100.0
riverbend,2026-03-01,39.94,42.34,98.79
riverbend,2026-03-02,53.08,42.34,99.13
riverbend,2026-03-03,49.09,42.34,100.0
riverbend,2026-03-04,46.96,42.34,98.18
riverbend,2026-03-05,56.58,42.34,98.42
riverbend,2026-03-06,54.39,42.34,99.28
riverbend,2026-03-07,56.27,42.34,100.0
riverbend,2026-03-08,50.2,42.34,98.71
riverbend,2026-03-09,34.91,42.34,100.0
riverbend,2026-03-10,33.83,42.34,100.0
riverbend,2026-03-11,38.06,42.34,100.0
riverbend,2026-03-12,48.7,42.34,97.13
riverbend,2026-03-13,35.24,42.34,99.1
riverbend,2026-03-14,41.77,42.34,100.0
riverbend,2026-03-15,31.69,42.34,100.0
riverbend,2026-03-16,52.66,42.34,100.0
riverbend,2026-03-17,38.18,42.34,100.0
riverbend,2026-03-18,50.78,42.34,100.0
riverbend,2026-03-19,40.73,42.34,100.0
riverbend,2026-03-20,28.02,42.34,100.0
riverbend,2026-03-21,43.06,42.34,99.4
riverbend,2026-03-22,58.68,42.34,98.26
riverbend,2026-03-23,48.69,42.34,96.97
riverbend,2026-03-24,48.69,42.34,98.73
riverbend,2026-03-25,31.73,42.34,97.8
riverbend,2026-03-26,39.7,42.34,97.2
riverbend,2026-03-27,47.7,42.34,99.57
riverbend,2026-03-28,45.8,42.34,98.23
riverbend,2026-03-29,36.61,42.34,97.69
riverbend,2026-03-30,33.13,42.34,97.2
riverbend,2026-03-31,35.59,42.34,99.91
riverbend,2026-04-01,62.24,53.12,98.38
riverbend,2026-04-02,43.73,53.12,98.84
riverbend,2026-04-03,59.78,53.12,100.0
riverbend,2026-04-04,49.49,53.12,98.82
riverbend,2026-04-05,49.21,53.12,98.73
riverbend,2026-04-06,72.7,53.12,100.0
riverbend,2026-04-07,46.89,53.12,97.17
riverbend,2026-04-08,58.89,53.12,99.14
riverbend,2026-04-09,69.39,53.12,97.57
riverbend,2026-04-10,45.18,53.12,100.0
riverbend,2026-04-11,72.75,53.12,96.98
riverbend,2026-04-12,53.59,53.12,99.6
riverbend,2026-04-13,35.4,53.12,100.0
riverbend,2026-04-14,45.0,53.12,98.45
riverbend,2026-04-15,57.5,53.12,97.75
riverbend,2026-04-16,52.04,53.12,100.0
riverbend,2026-04-17,51.51,53.12,97.92
riverbend,2026-04-18,51.41,53.12,100.0
riverbend,2026-04-19,41.62,53.12,96.95
riverbend,2026-04-20,47.24,53.12,100.0
riverbend,2026-04-21,66.08,53.12,97.01
riverbend,2026-04-22,69.3,53.12,98.29
riverbend,2026-04-23,57.67,53.12,97.5
riverbend,2026-04-24,53.65,53.12,100.0
riverbend,2026-04-25,44.13,53.12,99.65
riverbend,2026-04-26,58.45,53.12,98.38
riverbend,2026-04-27,52.54,53.12,99.26
riverbend,2026-04-28,41.18,53.12,99.01
riverbend,2026-04-29,53.81,53.12,100.0
riverbend,2026-04-30,59.48,53.12,100.0
